gene,max_abs_coef
ANXA2P2,3.6592731753200116
ANXA2,3.6121502750975014
TSHR,2.5210861512751643
HOXB13,1.7755690036034473
RPL17,1.6913378496968523
APH1A,1.6453915546997395
RPL12,1.627833490607619
RPS4Y1,1.547685802399763
MSX1,1.4094979712401465
INS,1.281031565772259
PRLR,1.230570167909322
GATA3,1.1772862433286164
RPL38,1.1339067537891345
RPL18A,1.0929589272146873
H3F3A,1.0487584542297574
STEAP2,1.024435955647949
RPL14,1.020471191959873
NKX3-1,1.0144271490344527
KRT5,1.0030338742458726
CFL1,0.9891923393986656
FTH1,0.970940698329426
UBC,0.97016996396519
UPK1B,0.9531764326662532
XBP1,0.9528141229278388
GAPDH,0.9344050103654726
MYL6,0.9298634955982379
MCL1,0.9127998592159056
ZFP36L1,0.9067870018432393
FKBP8,0.9038963182081341
EFHD1,0.8983914497343213
NDUFA4L2,0.8470168757326807
MGP,0.8413352829335344
C19orf63,0.8237744971484812
CHGA,0.8205204141358864
DDX3X,0.8180036719905059
BAT2L2,0.7926409814027504
RPS12,0.7911672433334078
ZMIZ1,0.7839463612413596
PPP1CB,0.7770345677509862
NCRNA00188,0.7762341225787951
LGMN,0.773598026696265
ATP2C1,0.7643396473296861
SLC9A3R1,0.7583463277606024
PLUNC,0.7566414334814435
EPCAM,0.7550622337587316
DTNA,0.7501341662790947
MALAT1,0.7466209012519021
ASPH,0.7436045226258358
CHRNA3,0.7329731398813014
PPP2R1A,0.7320510789885658
PCBP2,0.7293025053181175
AHR,0.7217867633227208
IL32,0.720034491996916
LTBP2,0.7199788625335184
RPS7,0.7187547649870135
HNRNPA2B1,0.7184469215297126
FERMT1,0.7059080989270016
NPC2,0.7057048001192883
GRINA,0.7040959097056914
PTMA,0.7019919006383205
CD59,0.7017221798925082
UBB,0.6990947802513563
ANXA4,0.6937977393831389
NONO,0.6914803937550298
ITPR3,0.6904315501582456
RPL37,0.6899373879429544
NAPSA,0.6889085077897501
RHOA,0.6817355541718728
CRP,0.6815520750276259
CYP4B1,0.6812970474556788
PROC,0.6610761521330818
RRBP1,0.6603844658810434
MLPH,0.6537592829081299
EEF1A1P9,0.6467217020444003
TTC3,0.6461256593419034
SSR4,0.6435407229095915
ENPEP,0.6429562551699525
HN1L,0.6392548735531122
KANK2,0.6386660909929357
EPHB3,0.6325752256036716
CLTC,0.6308745591689136
GREM1,0.6287938224885518
SEPP1,0.6234149205284689
TFF2,0.619920362096557
F11R,0.6068710758108045
ACTG1,0.5979354656577058
ZFP36L2,0.594448295242737
HMGB1,0.5929484406609914
SLC44A4,0.585444083039727
CYC1,0.5848743121871065
WDR1,0.5842182595297131
SET,0.5821536573596704
SPTAN1,0.5785390602895041
XIST,0.5764038024581485
YWHAQ,0.5737785434913388
SAT1,0.56867171483125
DYNC1H1,0.5665760916214996
COX4I1,0.5662009683950444
DDX5,0.5645324543391743
LAMB1,0.562007091920634
RPL27,0.5590816132652398
CAPN2,0.5587865384437274
SERPINA1,0.5580382739508761
OGDHL,0.5534437490433838
ATP5A1,0.551537447421388
CTSB,0.5490088887820085
SERPINB1,0.5468564496863089
SCGB1A1,0.5427270398995975
SHISA5,0.5397367735816605
RPS27A,0.5336197736928159
PLXND1,0.5298477102161147
PTPRN2,0.5267138582537472
TIMP2,0.5251525636974433
MCM7,0.5248231254431617
HNRNPK,0.5238808673034672
CA12,0.5223365009594667
HK2,0.522260555363563
FEZ1,0.5220196853425146
AES,0.5167974097504802
PGK1,0.5151517329048748
RNF213,0.5137630777930163
RBM3,0.5136723087821808
NCOR2,0.5119643698737376
DNAJC10,0.511934527056859
PTGS1,0.5110873863559784
CNN2,0.510190221014082
PXDN,0.5096854973895842
PMP2,0.508651866672555
QKI,0.5046958410388911
TXNRD1,0.5023364260802814
LGALS4,0.5013760535094016
CRIP2,0.5009338144680545
ARF3,0.5009270509150124
PTTG1IP,0.4977555001423652
USP22,0.49283371262630854
KLK2,0.4928136333471564
MKI67,0.4924512595063721
DLK1,0.49241565347808747
EVL,0.49224957645127737
MYO6,0.491975899275071
PCBP1,0.49191131115160636
RPL23A,0.4914890249704262
CALD1,0.48734369973383923
ATP5G3,0.4871509045065031
LTBP3,0.4835068591934535
OAZ1,0.4825958450660484
SULF1,0.47783665169999817
TMEM59,0.47515609460347585
CTSD,0.47418181480707655
LRRC59,0.4703569353243498
POLR2A,0.4678152325777562
BZW1,0.46734146523813813
EIF1,0.4647266820214795
SOX4,0.4629489012393618
APP,0.4620242352866098
APOB,0.4606134487767498
BAT2,0.4595841864250564
TRPS1,0.4594019968913113
SFRP2,0.4585496928959225
EIF3L,0.4581021736272929
VEGFA,0.45809121095912614
NCOA4,0.457852586032156
LGALS7B,0.4574535341639753
GABRP,0.4563727924144159
SOX9,0.4527934719219336
SLC16A3,0.45168116527887764
IVNS1ABP,0.449613574995149
SERPINB3,0.4494245938525453
ENC1,0.4483860534967295
LGALS7,0.44696452469265247
EEF1B2,0.4465751929247598
VIM,0.44623614970231773
TGM2,0.4460318234003719
EIF4A1,0.4457003384981485
RPL41,0.4456256618787663
FAM129A,0.4452145658924425
IFITM1,0.4449336957549308
IDH1,0.44306464376314125
LOC647979,0.4428420365147995
HLA-C,0.44237546920139237
BHLHE40,0.4409192702106487
MUC1,0.4408255032850385
KPNA2,0.43977700870590275
SMOC2,0.4395002164734724
PPY,0.4393000603887887
NFIX,0.4372339861566879
SSFA2,0.4357240688983159
KTN1,0.4318547256512401
HMGA1,0.4315879466401465
YWHAB,0.43056867228843565
TMED2,0.4295787507840279
KLF6,0.42684767995897904
SLC17A3,0.42497625117441284
QSOX1,0.42473101005779507
ARPC2,0.42455406365973297
TAGLN2,0.42296048716693174
SYNPO2,0.42175792555213787
KIAA1324,0.421480835986207
TSPAN13,0.42019893105597
HSPA8,0.4193081952953028
LDHB,0.41878338210445276
CAPRIN1,0.4187566839684418
PSME1,0.41740089690402776
ATN1,0.41525130355249895
IFI30,0.414295290087387
COL12A1,0.41364471509757705
EMP2,0.4132747604984926
RARRES2,0.4130337136837986
YWHAE,0.41277382281539526
ATP1B3,0.41274083202496836
LCP1,0.4125433811927693
PMEPA1,0.41232985133301125
MYH9,0.4121431708044061
RPS4X,0.4120586158289019
PLTP,0.41091449707898753
MYC,0.4106352113361762
SCRN1,0.4089393758071846
PSMD4,0.40880088890781846
VWF,0.40518060978661263
BAT2L1,0.4043084072624435
CXCL17,0.40375211401467176
MYADM,0.40239040577672985
RPL11,0.4023294568460814
GPX4,0.4016093678247203
STMN2,0.3998452582220793
CLCA2,0.39914714213550073
AEBP1,0.3983480515275973
IMPDH2,0.3982502908317218
SNX1,0.39779527621664224
FN1,0.3976915113371175
IGFBP4,0.3970745457971846
SFRP4,0.3968422354968801
ASRGL1,0.3958407932298594
HMGB3,0.39570182939190374
RTN4,0.39550534857786435
GM2A,0.3954436132980849
LAMA3,0.39314914484557995
RCN1,0.3893298338146854
RPS3,0.3892306561904389
TMSL3,0.3885196906601106
IRAK1,0.38850448384703035
CEACAM5,0.38778770036072774
LYPD3,0.38641566378069486
CTSE,0.386145011321463
PAX8,0.38577652900674003
GRN,0.3855101224389678
FXYD2,0.38426896115508474
MLF2,0.3840112212193197
PIGR,0.38400634857596594
PVRL1,0.3835048869568634
S100A10,0.3834816046241978
NDUFB9,0.382867270666324
AIF1L,0.37799499467578046
TGOLN2,0.37668906887616493
TPP1,0.37509338755289673
TSPO,0.37501479456061027
ABCA3,0.374991312800478
RPL22,0.3747868581966272
HSP90AA1,0.3737852481767573
TUBB2C,0.37366632264679683
KLF5,0.37210289737589036
DSC3,0.3708586352562361
GPX1,0.3705023927075986
TFF1,0.37028099188755387
LTBP1,0.3697316370430166
ATP2A3,0.36929855145565355
LAMC1,0.3690902484175323
HN1,0.3659482571917193
HNRNPA1,0.36563964659366566
KIF1B,0.36403778195771086
RCC2,0.3636407201462322
AZGP1,0.36235820725962475
NET1,0.3623382150629015
PPL,0.3617222512651594
SEPT2,0.36112630129602175
COL14A1,0.36065265616444686
RPL35A,0.36022835319367846
PFKP,0.3597040114169696
HERPUD1,0.35968382685151723
PDLIM1,0.357069043782881
KIF1A,0.3567571313779471
SERPINF1,0.3552985285115005
C16orf89,0.35315594634813996
GPM6A,0.35302586322589535
ITM2C,0.3522697154952501
PPP1CA,0.35188002555194803
AGT,0.3517349768153103
GPT2,0.35088196995779425
ANPEP,0.35022816743762936
EIF4G2,0.3499459108239241
C4A,0.3493436355357973
HSPB6,0.3492586669568205
NAP1L1,0.34879314061750727
CHIT1,0.34542026752804805
CDC42,0.34536336659782135
LAPTM4B,0.3453394417991343
ITGB2,0.34489190798205166
CXCL12,0.3442785499151778
FTL,0.34407647168549677
PTPRZ1,0.3433082136023034
GJA1,0.3423282847989634
HAND2,0.34184772534037333
RPL34,0.34146131768929544
GPX3,0.3411188929009191
ATP6V0C,0.34008295041818526
ILF2,0.3396714834915208
BHLHE41,0.33918384952493874
ZNF395,0.3389473860201437
DDIT4,0.3389127487691757
CEBPA,0.33737463848200244
ENAH,0.3368036493057536
CELSR2,0.33661865695361975
ETS1,0.33552975853946104
CRIM1,0.3351480326782529
C3,0.3350700929279626
PTPRF,0.3329595387541024
LMO7,0.33250682747488086
STAT3,0.332293170647455
TUBA1B,0.3321782854205227
MEG3,0.3298565133176835
COL16A1,0.32918532603081446
NAMPT,0.3291352111122811
RPL7A,0.3285303668726651
CDK4,0.32810721286392464
ANXA5,0.3275928116389798
C5,0.32655659220211813
CD46,0.32631686625748085
AZIN1,0.32620450052374883
COL1A1,0.32606360670858564
CHD3,0.32508961887899035
TMPRSS4,0.3245128359025276
COL11A1,0.32361801332458034
IGF2,0.32311062075798475
ARL6IP1,0.32294168359466563
PROM1,0.322872599445382
CHD4,0.32243097350762756
EMP1,0.3217984644991009
LDHA,0.3217542785943111
MFAP4,0.3215538125581257
EIF3B,0.3215140839298122
RPL10A,0.32090785016150186
FKBP5,0.32089768914368977
CALU,0.32052535282459976
KRT15,0.31994378093546394
CDKN1A,0.31960139464614107
CILP,0.31959905163690655
DHRS2,0.319100419709594
PLXNB2,0.31884415587963444
TG,0.31620326617146843
TIMP3,0.31421811509708286
MYO1D,0.31339634957709156
COL7A1,0.31322570876687666
ALDH4A1,0.3127729696759058
CALR,0.3126493542880419
TTYH3,0.31212760686428437
MMP7,0.3114440879940357
NRP1,0.3110791608724396
CTSA,0.31098894980060166
LENG8,0.3100361671012943
CD47,0.3095848716366875
S100P,0.3091726514688425
TRPM4,0.3086670074278386
ITGB4,0.3086546135605226
TGFBR2,0.30840667793724
TUBB3,0.30839125641865456
MAT2A,0.307923496466565
EIF4A2,0.30791040076446535
ITIH2,0.3077106652946582
MAL,0.30762040226923404
BTG1,0.30644233558574824
MALL,0.30590744862886593
SFTPB,0.305583273786078
LGALS3BP,0.3055427946437437
MSN,0.3038072158222355
TNFSF10,0.3032734671290109
IGJ,0.30311111020458
NCL,0.3029129254528353
AKAP12,0.30275936149768246
CNN3,0.30189026015809584
ATP1A1,0.30159800706091955
C1orf116,0.3011528641520296
BGN,0.30030944500275564
CCNI,0.3000260852263338
SERP1,0.2997757318096467
REG1A,0.29954305056020214
CSTB,0.29886454034787197
TNC,0.2987482313237024
TSPAN1,0.29858297179503673
EPHA2,0.29700334988430627
TAPBP,0.29685692871642866
CRABP2,0.2966119811005057
ADAM9,0.29631161645195353
FOS,0.29620140629561753
ACTN1,0.29518359662107313
ADAM6,0.29480754156868405
RPS10,0.2945115052087776
NPNT,0.29392694883289266
NPM1,0.29374138355180185
HLA-DQA1,0.29312186153132125
MGAT4B,0.2921121860793723
ABCC5,0.2914523570375869
RPL6,0.2909068270627535
KLK5,0.2908269636027823
TNS3,0.29054539330386425
FNDC1,0.29032872937501797
A2ML1,0.28974376393023515
ARHGDIA,0.28950489661946677
VCAM1,0.2894302335970522
HUWE1,0.28939490253968164
ARHGDIB,0.2892310084299103
ACTN4,0.28916060383043835
GSTA1,0.2884408901112147
TGFBI,0.2880569435772979
EEF1G,0.2880547485278325
ATF4,0.28714022101529796
CEACAM6,0.2871329768935349
BCAP31,0.28685073212395273
MUC13,0.28649020350076265
CXCL14,0.2861433772295718
CCT4,0.28514811055524203
RGMA,0.28490169694385575
VDAC1,0.28462217332641615
SGK1,0.2840877346128269
COL17A1,0.28321947378953993
ALDH3B2,0.28255581805905466
TXNIP,0.2816180576958822
LBH,0.2808847608583901
HNRNPUL1,0.27984387818161816
DDX17,0.2798029275692097
PTMS,0.279053881083245
SORL1,0.27894765477884337
CXCR4,0.27867516292722005
UCP2,0.2785669195354386
EFEMP1,0.27814460663657187
RPS21,0.2775891071337163
DDR1,0.2775725745045853
RPN2,0.27627132436687174
NUCKS1,0.2760841617898615
PSMD3,0.275665143125282
COL18A1,0.2754571965547211
AHNAK2,0.27482499386656256
GCG,0.27383653202678815
MEST,0.2728720495728765
GDI2,0.2727955333156494
TKT,0.27229378543019844
CMPK1,0.2722411353193442
FKBP4,0.27165879610135546
VCP,0.2708420210485439
TXNDC5,0.270680533101347
HM13,0.26983593233068737
TMED10,0.26898833344979656
GGH,0.26839746512080126
SPINK4,0.2683449129807506
PFN2,0.26802910597775553
HMGCS1,0.26742641411930146
BCL2L1,0.26718945781572995
GBP2,0.2667713130274052
CLDN7,0.26641323940591327
SLC1A5,0.2661381424027567
MDM2,0.26609165692451037
RERE,0.2655729678127395
ERBB3,0.265444830843191
TMBIM1,0.26544278673193367
RAB7A,0.26535918584796264
EIF3CL,0.2639857877076575
MYH14,0.2634763877395512
IGFBP2,0.26250895423557047
TNFRSF21,0.26239124085786764
GPNMB,0.26212375226514795
LGALS1,0.2621197412924004
SLC6A8,0.26197084547532834
LPCAT1,0.26158780992807057
PLP2,0.26093223821106976
TIMP1,0.26092707438155044
SFRP1,0.26083851529125157
CRISP3,0.26058764761353975
RPSAP58,0.26028170129135564
ATP2A2,0.2601117665478811
PKN1,0.2599056879369845
ANXA11,0.25936131413964053
ST6GAL1,0.2591625551435619
LAMB3,0.2589470895519523
CTNNB1,0.2589416193125683
PFN1,0.2575937789720343
ADAMTS1,0.25706263105676197
PRSS8,0.2568622785344938
COL4A2,0.2567741414731072
RPS2,0.2561127742232247
HABP2,0.25609237220119263
RPL10,0.25591094098346867
SSR2,0.2553698722447757
LTBP4,0.25498767185958277
SYNE2,0.25447622299969525
PIK3R1,0.2542475726719251
MUC4,0.2541494517147281
PPP3CA,0.25312676013337426
PGD,0.2531085151149194
LRP10,0.2529672675018666
MCAM,0.2529445838288381
ACSL5,0.2529299087527605
KRT18,0.25236877837004557
KRT23,0.25188236396655234
ILF3,0.2515136503093704
DIO2,0.25138518047885483
NUCB1,0.25131065931034513
HLA-E,0.25104126923352804
ORMDL3,0.25097252624322475
MYO1C,0.2508591969497359
PRPF8,0.25049052344102946
PSAP,0.2502172531271306
DMBT1,0.24990518470081902
FLNB,0.2496800669571684
TPM4,0.24877740074913596
AHNAK,0.2486040759539771
IDH2,0.2481735584256606
PGC,0.24721120707307778
EEF1D,0.2471304511070403
RPL32,0.24710654246397967
CTNNA1,0.24665202739709582
CD248,0.2465720773744719
HLA-H,0.24647805432989253
GAS6,0.24563802573145357
H3F3B,0.24546567759759846
PABPC4,0.24539501722685014
UBA1,0.24530332225455087
TH,0.24511361632488815
CAST,0.2448982087267821
FADS1,0.2446348757755149
AQP1,0.24456335573958332
RNASET2,0.24431809705547644
KLK1,0.24381298183578587
SLC38A1,0.2434534314829097
TM4SF4,0.24344455120420952
PROM2,0.24334734991046553
DAP,0.24314598253473663
DUSP6,0.2430241876774774
KRT6C,0.2428991791944666
MPZL2,0.24249416716766517
ALDH1A1,0.24234477659419723
C1orf43,0.24197043459946396
ENO1,0.241776531011159
HLA-B,0.24170517758515156
LTF,0.2415885116831472
CDH17,0.24125982966465612
CLSTN1,0.24105677971004827
B4GALT1,0.24078551050620756
SOCS3,0.2399597706304608
THBS1,0.23995452157993385
MAOA,0.23990573576533641
CXCL5,0.23895530395701917
EFHD2,0.23893541359236806
GPC1,0.23826422042222292
CALM2,0.23793420411757488
TAGLN,0.23740309548163
ADAM15,0.23684968460347278
COL3A1,0.23653776596412113
NBL1,0.23516813453486962
DHCR24,0.23441839047271054
ITGAV,0.23371760000605757
MDH2,0.23206840651690328
COL1A2,0.2320220236229744
TFRC,0.2316084035012559
TUBB6,0.23122639454565505
MLEC,0.23026904903180678
KLK7,0.23023648339163058
TPD52,0.22985188329537742
TSPAN3,0.22979075548789854
LASS2,0.22968581506350777
SYT7,0.22962194628871008
FSCN1,0.2292232022852732
PTGFRN,0.22827989742775356
NOTUM,0.22818957953826016
LGALS3,0.22784679524064638
AMD1,0.2271706818993576
IFI16,0.22700832682917774
CLIC6,0.2264007990916281
SERPINH1,0.226385238554242
OLFML2B,0.2260191738493772
CALML3,0.22561652364722745
CTSS,0.2252782745754747
LOXL2,0.22482971101923513
AKR1B1,0.22407104281369053
SNRPB,0.22326113456877994
MIF,0.22305750504221875
F3,0.22265463563714638
SDHA,0.22187199125867443
ACSM2B,0.22175920224589246
APOL1,0.2216895439045082
OLIG2,0.22154600710591138
FGFR1,0.22147780787682028
GPR56,0.22127786085874868
REG1B,0.22078298851123082
CALM3,0.21972904664388646
DHCR7,0.21952281414024555
NUMA1,0.21941698287567132
ALCAM,0.21907709707367856
MSLN,0.21901390727056236
KLK6,0.2189143735400001
RPL4,0.21853646654745323
CAPNS1,0.21831159693458685
SOD2,0.21804637567401555
PSMD2,0.2176489762869216
AQP4,0.2175491652284739
RPS25,0.21750769977209877
TUBB,0.21738061106061723
REG3A,0.21718980952244207
CP,0.2171179816969003
RPS3A,0.21699168521838816
TM4SF1,0.21689708517596207
PI3,0.21601332509979054
RPS6,0.2147904841131855
RPN1,0.21438359577080326
GPI,0.21432353149322111
ACTR3,0.21418594184871956
CTSC,0.21415825444074021
ELF3,0.213678460423087
LAMP2,0.2136191374799226
WSB1,0.21313418891759411
C5orf32,0.2129693410375443
SLC3A2,0.21254480085288868
IL8,0.21182968152965745
PKM2,0.21180916004555644
CCND1,0.21167623927007453
LAPTM4A,0.2116743735160274
SYNPO,0.2107906131116118
GJB6,0.21031644238126174
VCAN,0.21007805220595013
PLEC,0.20942312243663336
CLDN4,0.20919412716893038
TUBB2A,0.20839876421824585
PARM1,0.2072533842604655
MUC20,0.20721387907235703
CSDE1,0.2072057481724376
TUBA1A,0.2069610406782403
YAP1,0.206885141517932
CPT1A,0.2067618268366289
PLS3,0.2066519492940068
MMP2,0.20580400775596983
KDELR2,0.2055121692842773
DEK,0.20499876043207899
FGFR3,0.20483062856969705
DSG2,0.20459078130021335
TUFM,0.20456324304538523
HES6,0.20422247554840697
KLK4,0.20405095737083892
PLAT,0.20387691069048922
C20orf114,0.2038070950878476
SIK1,0.20372334474969772
LAMC2,0.2036666537443158
UBD,0.2035719098543272
VTCN1,0.20345671822867936
SPON1,0.20339814578154516
TMBIM6,0.2032596425211323
CALML5,0.20191761273327574
JUN,0.20175721090623566
CRLF1,0.20145328373715984
PODXL,0.20126061509440074
IGFBP7,0.20111161302416744
ITGB5,0.20092476234414788
CD24,0.20086253842895457
SCARA3,0.20080939994485777
S100A1,0.20057225264017103
ARPC1B,0.20032988428819792
ARHGAP36,0.20032134275493205
MRFAP1,0.20022004504437388
WNK1,0.2000635789363551
COTL1,0.1998577487861733
LIMA1,0.1998161268761008
GALNT11,0.1995047770831683
NNMT,0.19921564999759672
MMP11,0.19919730425647883
CYR61,0.1991387497504041
MMP1,0.19880110357167
HLA-DRB5,0.19831210424326404
GLO1,0.19787097742578094
XRCC5,0.19745351194506752
ADAR,0.19695877045590374
EPAS1,0.19693760064864188
DPP4,0.19680693532656537
C8B,0.19647242021621658
CTSZ,0.19592228533025607
GAA,0.19568194703231265
FGFBP1,0.19556340856206286
CSTA,0.19527788703199409
IYD,0.19512003637199396
CAPG,0.19498209134407687
MUC16,0.19462466580484164
RASD1,0.19415558865830093
NFE2L2,0.19352504237249007
LY6D,0.19337127059036519
SILV,0.19317428390974506
APLP1,0.19280887398134958
PDZK1IP1,0.19240521717219838
ID4,0.19236944653911248
PTP4A1,0.1923676427952671
CCND2,0.19234459341483373
ASS1,0.19177028236321708
CHPF,0.19155979188720784
ATP2B4,0.1908865801494074
FOLR1,0.1906847205730671
PGA5,0.19043980135401764
SPINT1,0.19019284760112132
EZR,0.19006052395212575
CCT5,0.1899242485788195
CHCHD2,0.18954064808683768
LMNA,0.18938351892021052
CD99,0.18935934461446455
PLXNB1,0.18894808471164723
ERGIC3,0.18880986870179192
HPGD,0.18872046692662148
C10orf10,0.188514799656649
IER2,0.1883717741732132
KRT4,0.18773948056889514
PPT1,0.18734792504709682
GDF15,0.18709991470062712
ATP1B1,0.1870252557017612
MXRA8,0.18695174049708013
MYO1B,0.18683908785170505
DCBLD2,0.18623934578290013
WFDC2,0.18610309141106565
NEAT1,0.18610089677918912
ALPL,0.18585737469745184
GSTM2,0.18541091230872805
LOX,0.18519947418106367
CD68,0.1850922898711392
RDH10,0.1850124842763443
KCTD12,0.18381332675669299
H2AFZ,0.18283461030557177
FDFT1,0.18242446191878944
PRKDC,0.18223936614826153
RNASE1,0.18217620874023893
S100A4,0.1818674117481313
AHCY,0.18161714556526692
S100A14,0.18138125759351684
TFPI2,0.18137298640838284
CX3CL1,0.1811489027385656
A2M,0.18103167224618624
FXYD3,0.18080485607939703
TMEM132A,0.18020324978118474
APC2,0.17969169929697235
DUSP1,0.17952125713205738
CTGF,0.1794623045595955
MMP9,0.1793504262479946
PABPC1,0.17866953438913816
MUC17,0.17861851484303076
SEMA4B,0.17852833687460987
TNIP1,0.17810509196564006
HLA-DRB1,0.1777329181640969
TPM3,0.17769023311063215
SURF4,0.17757502057704116
SERPINE1,0.1775693575051958
IGFBP3,0.1775065609443971
ECE1,0.17696254282778265
AQP3,0.17658451898998295
SRRM2,0.17601275791519205
PDGFRA,0.17565148028727182
COL2A1,0.17544943084102296
FCGBP,0.17538334280264742
TUBA1C,0.17519143477679452
LAMB2,0.1751247043391206
CD36,0.1748962244097943
ANKH,0.17442960230024523
SLC2A1,0.174171547979433
AMACR,0.1737794347279502
PLAU,0.17332920450026557
CXCL9,0.17313461181015072
FXYD5,0.1728740553226773
HNRNPC,0.17276638800217248
RPL24,0.17246847118175523
SLC7A5,0.1721037372421924
RPL23,0.17207942763524983
SUMF2,0.1719627519094261
GSN,0.17186243532099546
ITLN1,0.17143111721769674
MKNK2,0.17133158067746354
C17orf37,0.17058404764349874
ITGA5,0.17032725948303112
FKBP9,0.17023595931520674
MMP10,0.16999329802457994
CELSR1,0.16969740084679685
SLC39A14,0.16968082715347801
MUC5B,0.1693283652698386
TPO,0.1692053167993955
MGLL,0.16917997953210628
HMOX1,0.16888928149252957
SEPT9,0.16830658992711425
CRABP1,0.1681919450672104
FER1L4,0.1672379101194901
ITGB1,0.16699252126898753
RPS24,0.16679112209183408
BST2,0.16668728345112208
CNDP2,0.1663870547743856
KRT13,0.16622329706573555
CREB3L3,0.16618610128165168
MAGED1,0.16612895165596267
SLC25A5,0.1659918033522978
CDK2AP1,0.1658697202047825
TSKU,0.16577907393449662
PTGS2,0.16569280498018357
COL15A1,0.16538345285738784
MMP13,0.16536787494526958
DES,0.16527533708280737
CRNN,0.1649908376710926
GSTM1,0.1645479937161045
CDH1,0.1644567538617555
GNB1,0.16435203069449228
CEACAM7,0.16427774664318584
PRNP,0.16275039792085205
MARCKSL1,0.1626663885255446
ABCC3,0.16249162688492644
PAK1,0.16158603455907972
RPL15,0.16058622132411104
SLC25A3,0.16016001869323127
PLOD1,0.15999794252152613
EVPL,0.1599459870135405
FLNC,0.1598807616458796
ERLIN2,0.15961116854060808
RHOB,0.1595614698095773
TOP2A,0.15871748094769614
RPS13,0.15863313650291122
CXCL1,0.15860655922968755
SMTN,0.1586061548014783
FURIN,0.1581585852969599
DDOST,0.1579704111554483
ADI1,0.15785439860994577
SERPINB13,0.15759692238249373
CANT1,0.15751299661282958
DNER,0.15751285885190425
KRT81,0.15739524330428314
ETS2,0.15732733813128547
IFI6,0.15725966750721448
REG3G,0.1569430719559985
TPT1,0.1562351458996268
DSC2,0.15566615334709263
ERRFI1,0.15542969253920602
C1QA,0.1553512700917819
OLFM4,0.15491982294433376
MET,0.15474498991552338
TBX3,0.15454143370227108
SLC44A2,0.15444159802628146
NQO1,0.15434223877649547
COPA,0.15430936837408124
C19orf21,0.15418921484497944
PRKCSH,0.15388620156653973
PTPRN,0.15311469211964143
METTL7A,0.15309748448886207
LOC96610,0.1524255831371307
PCOLCE,0.1523686052186562
JAG1,0.15235306600790496
CXCL10,0.1513578307079049
IGSF1,0.15112821465168422
NDUFC2,0.15088202570961323
FABP5,0.15044686579945965
PAEP,0.15036294019088822
VAT1,0.15019163792340928
ALDH3A1,0.15015486614904017
AKR1C3,0.1496889562776152
ARNT2,0.14948320577967403
RBP1,0.14937141661127532
SULF2,0.149179189664401
RAD21,0.1491217206904995
RGS5,0.1489304513325104
SPINK1,0.1482502228524188
ATHL1,0.14801641649823769
TMEM123,0.14778669080366766
ATF3,0.14735087200723723
STMN1,0.1464243066232619
WARS,0.14641952802748404
PALLD,0.1463050368598232
CD63,0.145566930091614
ABLIM1,0.14548350644918615
DDC,0.14532478596442283
THBS2,0.1452978314537092
SCGB2A1,0.14528742148681353
AADAC,0.14515933972003053
CPD,0.14500763718339754
PDIA4,0.14479474281340796
PLOD2,0.14468909897647353
CLDN3,0.14459348361223653
SERPINE2,0.14447062302448593
ERBB2,0.14440268035817277
RPS19,0.14429720071989532
SEC16A,0.1440621020171995
HTRA3,0.14397641776481307
CAPZA2,0.14365207758809062
PTK7,0.14314588779213205
EIF3A,0.14283888436486572
SLC4A4,0.1418760863764661
IGFBP5,0.14095196220640113
GSTM3,0.1408818711529653
CLIC4,0.14081223461118478
COL5A1,0.14068842311279414
OAS2,0.14054258391333305
CLDN2,0.14048855517364428
CD9,0.14015943035164463
COPG,0.1397421402209308
C17orf28,0.13960188420310476
ARPC5,0.13958306939815573
APCDD1,0.13920525740354994
CYP1A1,0.13911370547970736
TFF3,0.1386348408229117
PTGES3,0.13808865940314796
MGST1,0.13800233865960218
TM9SF2,0.13702027862641536
SCPEP1,0.13693045913701432
ISLR,0.13638817693313202
PEG10,0.1362469016701492
KRT20,0.13543183894552063
SRXN1,0.13514428652494095
B2M,0.13508189517911717
FAM83A,0.13502906880277105
THSD4,0.13428524460402058
ACTB,0.13419865096256542
FAM83H,0.13399620134630524
SLC1A3,0.13399041897545635
MDK,0.13394138145031503
C8orf4,0.13349714298099694
LASP1,0.13318705881469614
PFDN5,0.13317480088237035
BAALC,0.13297429683442227
BHMT2,0.13289052926395362
OR51E2,0.13216420722108885
IGF2R,0.13177975112022777
FKBP10,0.13164274892607747
MYH11,0.1310596577914518
HSP90B1,0.13084283580134998
ANXA6,0.130446491719207
JUP,0.13043923026502674
ADD1,0.1302347088978553
SYPL1,0.1300909286628305
XRCC6,0.12986795356817551
PCSK1N,0.1298603343622698
CXCR7,0.12977605848557264
MYOF,0.12976613765344266
CPE,0.12917082608271688
SEPW1,0.12915185295567735
SNCG,0.12871506991455603
HSPA1B,0.1283553635064436
CDHR5,0.12795181202852662
EIF2S3,0.12772250921969477
OAT,0.12766105554787344
THBD,0.12757926291574143
CLTB,0.12757803440525411
C1QC,0.12747811581415042
NID1,0.12715453356746795
GPRC5A,0.12703295474206192
PTHLH,0.1269119945217558
SAMD9,0.12687703147043652
TXN,0.12660425380776774
LCN2,0.12584076779536962
EIF3K,0.12564043894447086
UQCRFS1,0.12530685680432455
PKP1,0.12449108273177138
GTF2IP1,0.12406530517267982
GALNT2,0.1239841269223361
HK1,0.12386388396648691
GPC3,0.12386258771616863
SFTPD,0.12385376717183669
RASSF4,0.12324674210453189
GSTP1,0.12323880196236238
RPS23,0.12315331662641739
MMP14,0.12306703044266104
OAS3,0.12255693792382129
RPL26,0.12250605746547273
IL1RN,0.12205163251733468
KRTDAP,0.11994723996015688
COL6A1,0.11882268665257006
MX1,0.11869180288392721
UCHL1,0.11765400698826362
MACF1,0.11735005262530347
STOM,0.11731974568720151
MME,0.11570275086488281
SKP1,0.11569411080186522
CTSK,0.11564194610919384
HSD3B2,0.1152928257369103
YBX1,0.11515045127426851
PTGDS,0.11507804576197127
ZYX,0.1148912194175828
VWA1,0.11464266487834125
SFTPC,0.11457260875259911
YWHAG,0.11414501125531273
CSNK1A1,0.11405353326219418
MUC6,0.1129300477934276
GLS,0.11284862120336692
PFKL,0.11277693838365804
RHCG,0.11262201107668433
NFE2L1,0.11252341670562178
AKR1C2,0.11246503654961323
MYL12B,0.11230597300873266
KRT7,0.11210702301105943
HSPH1,0.11208980625833463
PRDX1,0.1117724016776806
SPP1,0.11121371983125736
RAN,0.11092899852780053
HMGB2,0.11075737068569763
ACTC1,0.11040296631148036
LAMA5,0.11027483461290732
SNRNP200,0.11012856192392567
ODC1,0.1098754902179963
SYNGR2,0.10931283503442907
SFN,0.10924247237317276
EGR1,0.10914349626094244
SOX2,0.10894711465625002
F13A1,0.10881698598532888
HNRNPF,0.10861407413770234
SEPHS2,0.1086139576296481
FDPS,0.1085611605164898
TYMP,0.1082579656286671
PAM,0.10818675536783527
MTSS1L,0.10805475163244532
NEFL,0.10804840028389329
HNRNPU,0.10736138341578887
IER3,0.10716388030287001
ABHD2,0.10713742602346962
RPS29,0.10634973138848021
ANXA8,0.10618420469340219
SERPINB4,0.10615397748505757
TRIM28,0.10611987968175669
ITGB1BP3,0.10555875726791375
PSMB4,0.10538845769496821
ARF4,0.10513126624836153
LRP4,0.10460850226483992
STAT1,0.10453365918611764
NEDD4L,0.10452911716876107
PYGB,0.10377864497508785
STC1,0.10372311469631706
CTTN,0.1036879508840866
EFNA1,0.10362003580203252
PPIA,0.10357162360646312
GIPC1,0.10354309879068449
FBLN1,0.10352028436171472
MVP,0.10286999533594199
GNS,0.10268180838144861
ITM2B,0.10236063637379805
PRDX6,0.10223676056593603
CLDN1,0.10218378035860509
PRDX5,0.1018380319885371
POSTN,0.10097187486877801
GPR116,0.10097148429321515
COL5A2,0.10064250267693337
AGRN,0.100487246191589
CDH3,0.10045720108489634
KRT8,0.10035982258645468
PBX1,0.09992122167297154
MAZ,0.0993838393054224
CYBA,0.098981016146285
DNAJB1,0.0988344698766646
REG4,0.09878495225207641
LDLR,0.09820362737634122
CTSL1,0.09809884050260334
KRT19,0.09801715285496093
CST1,0.09781069835052385
CAPS,0.09738601961337628
S100A16,0.09719023015252307
KRT17,0.09709044465100686
SST,0.09702759085916618
DSG1,0.09687309045245474
GSTO1,0.09679491305347072
CAP1,0.09662140692748585
CXCL13,0.09654566403191218
EEF1A2,0.09600373977186492
ST14,0.09548727686953516
FASN,0.09457953601880993
ACTR2,0.09443113534121803
DSG3,0.09431355521451512
CDH16,0.09427410674137651
VCL,0.09422548727014449
CSDA,0.09396885545129845
UQCRB,0.09371241816252804
C4orf7,0.09361538440140728
CAMK2A,0.09139526283585112
KRT1,0.09040557132968341
GCLC,0.09031843617241431
S100A7,0.09002148382486
REEP5,0.08977447784737572
DUOX2,0.08968137064729104
TMED9,0.08907116858088365
RBBP7,0.08881337248639948
PKP3,0.08806209241541238
TPPP3,0.08759356668636739
DEFB1,0.08738121381612998
TNFAIP2,0.08735780587832127
ERP29,0.0872362595932707
SCNN1A,0.08697149521381681
COL6A2,0.0869217781900873
HSPB1,0.08687860519455569
CCL18,0.08641308715572242
FBN1,0.08622269623108143
TSIX,0.08615577587020082
CKAP4,0.08600419743456404
ACADVL,0.08592734855669379
STARD3,0.08563578465897892
ETV4,0.08557083412187715
ST3GAL1,0.08540717229796993
FHL1,0.08517420346045411
ANO1,0.0849514265415893
TUBA4A,0.08492289439846143
EIF3H,0.08461840526821221
CUL4A,0.08431844487958087
SHC1,0.0841404059229684
NES,0.08394709742045946
HIF1A,0.08390580177519204
CANX,0.08375673969716836
C7,0.08331874082097651
DAZAP2,0.08329654888182829
SLC38A2,0.08319937219714596
C19orf48,0.08310438008518004
DMKN,0.08251921546186708
BPIL1,0.08219241074643009
SERBP1,0.08177309341342055
CMBL,0.0817070996535386
HBB,0.08135561991652186
CIRBP,0.08112423308125631
UBA52,0.0802601756756052
H19,0.08022479263032008
CYB5R3,0.07948771460051798
EGFR,0.07940038257339037
SH3BGRL3,0.07938587391412781
TNS4,0.07930348762982578
SLC7A2,0.0790355394279831
NOTCH2,0.07854183901822193
CTDSP2,0.07801710288235586
NRCAM,0.07795198374818177
CD55,0.0777751606214674
ECH1,0.07769130208931822
KIF5B,0.07748694828150156
DEFA5,0.07744049110917642
FBLN2,0.07738422351001079
SLC47A1,0.0772555569659587
KIAA1522,0.07691978501616224
ASAH1,0.07683288944486379
HSPG2,0.07678859614560193
MB,0.07668806494518299
CAMK2N1,0.07664025866917694
CYP21A2,0.07658846463111547
PIGT,0.07582208531258337
FAT2,0.07572472781474375
PPBP,0.0753522574476751
FKBP1A,0.0752829496293935
MXRA5,0.07515285244609422
BAAT,0.07506605049340713
SND1,0.0749060042625293
NACA,0.07461819171956685
SEL1L3,0.07352722073665911
CTSH,0.07334285860093177
TFPI,0.07284776992716324
PTGR1,0.07259890296816429
TNNT1,0.07233575994814631
CCDC80,0.07169819783628122
MUC21,0.07156786800715696
ARRDC3,0.07148697302596682
CCT3,0.07127801148028955
L1CAM,0.0712693090717386
CELA2B,0.07121738474196872
RARRES1,0.07100401023252215
MYH7,0.07076605889224612
HSP90AB1,0.07056681235566323
MT1X,0.07055784367965773
SBSN,0.07048792964915482
SPRR1A,0.07018673547904186
EMILIN1,0.06969015348952487
PSCA,0.06930672778467892
SDC4,0.06918201767778097
CNBP,0.06857891347175323
PFKFB3,0.068494907634914
HSPA1A,0.06848981602615507
CA9,0.06820752765949721
C19orf33,0.06810583702538157
FABP7,0.06776994229651925
MYCL1,0.06760038014660626
EIF5A,0.06753194984546201
SOD1,0.06730047360629667
OS9,0.06589054872012606
LRP1,0.06570877307772971
TACSTD2,0.06535398137395175
TST,0.06514496602579804
LY6E,0.06440533117030366
SEC61A1,0.06408852587691194
MARCKS,0.06397186884378359
GRB7,0.06379776725178173
RPLP0,0.063719564493513
PTRF,0.06367744857103544
APOLD1,0.06365136022608918
CPLX2,0.06324326879942564
TRPM8,0.06261067475294028
H1F0,0.06256740300983459
CYP51A1,0.06224120405863571
COX6B1,0.062155953510622065
PTN,0.06104312189060236
ARF1,0.06102086195228091
CPNE1,0.060672858200533725
MAGED2,0.060323713469059785
RDH11,0.06025793218992757
C1QB,0.060163172997228995
BTF3,0.06009428841886729
PHLDA1,0.05996708659560446
SCARB1,0.05779619375787528
SREBF2,0.05775191904184325
ALPPL2,0.057597753543240024
MUC2,0.05720215519197071
TAP1,0.05719038624190561
CLU,0.05692560587780052
TNKS1BP1,0.05672423527689314
CAV1,0.05637181616477421
SLC40A1,0.056346830736471794
PHGDH,0.05629266824999693
G6PD,0.056199982778873815
CREG1,0.05578427769630869
LITAF,0.055717149457226
ATP1B2,0.05565702028695636
C1orf61,0.055643801071224644
HLA-DPB1,0.055007304135510006
AKR1B10,0.0548911526013073
MT1E,0.05438953507552643
SEL1L,0.05433593447812803
TALDO1,0.05430178640340607
ASPN,0.05424801676540922
CD151,0.05341119603116248
UGT1A9,0.05327258215913028
DPCR1,0.0528195166146832
ITGA6,0.05257205463784306
PLD3,0.05249187098494113
TFDP1,0.05234077601238355
SLC12A2,0.052322211564696
NTS,0.05187844520330369
MAL2,0.05152206987713467
PLVAP,0.05114477024715479
PPDPF,0.049098602534372565
ELN,0.04897493709436132
PYGM,0.04874182964121098
STEAP4,0.04859634272451524
HLA-F,0.04770129359767748
ANXA1,0.047315667783045294
MYBPC1,0.047185440299069806
S100A2,0.047082697784305544
SERINC1,0.04629151873852646
ACTA2,0.04628819986592701
RHOC,0.04612179249272497
SREBF1,0.04575710524736533
PARP1,0.04557728516324467
CYP2B7P1,0.04539739624881979
BTG2,0.045379226316148095
CLDN18,0.045283422228061865
CFI,0.04494556971339835
GANAB,0.044711659099062905
TSPAN8,0.04464280512330375
DPYSL2,0.04396353513379152
SPINT2,0.043544758590916256
MAP4K4,0.04325558588750936
TINAGL1,0.04305163628005273
MYH1,0.04305145406475276
HBA2,0.042899645459795174
PDGFRB,0.04221480776585017
S100A8,0.04211029804167668
CALCA,0.041794475085148865
MLLT6,0.04170806569027638
LAPTM5,0.041193457413177335
GABARAP,0.04083706817721899
CLSTN3,0.04070774741534909
RPL28,0.04066729426013564
MFAP5,0.040331131632004344
HSPA9,0.04024879129400032
FMOD,0.040039999781080374
CTNND1,0.03938171915006985
DHRS3,0.039083104252356726
SRP9,0.03893557374871586
HSPD1,0.03876063380639545
TNNI1,0.038672077267037384
NOTCH3,0.038554096612903155
PNMT,0.03847250699909706
COMP,0.03835804847731651
HMGN2,0.03819383357747386
PSME2,0.03790859163789945
RPS17,0.03778654402151077
LYZ,0.03765470066822886
ICAM1,0.03764636334795508
PRDX2,0.037489783329699246
ALDH3A2,0.03697057125719856
DSP,0.03636802599272643
ANGPTL2,0.03609794884292085
UGDH,0.03580971576125749
PDIA6,0.035707818799039864
CDSN,0.03550367058469397
SERPINB5,0.03509813658043775
CDK6,0.035078397436542036
CAND1,0.035044860791294985
CD81,0.0349338329880719
ACSL4,0.034506505353281224
GFPT1,0.03436135194610678
PNLIPRP1,0.03409369851944508
MTCH1,0.03387705096280267
VOPP1,0.0332353876817351
ANGPTL4,0.033178121232295334
CD93,0.03311470773103485
YWHAZ,0.03304800054814071
IQGAP1,0.03261254441553557
BSG,0.03220566753190782
MAOB,0.031815621569318796
FGFR2,0.03172252325183847
AQP2,0.03149925994286711
SVIL,0.03144867954884224
INSR,0.0313875170473941
PRSS23,0.03091868317217323
MRC2,0.030348463783035438
HSPA6,0.030292521497805987
SPRR2G,0.030208963741157027
MAP4,0.03010970529036289
NUPR1,0.02989391365198656
MYH2,0.029641352753163548
LEFTY1,0.029523869796480782
ABCC1,0.029223748144224508
SNRPD2,0.029087427643986308
RPS16,0.029040108995820168
AP2B1,0.029019660738228717
RAB11FIP1,0.02869905446429175
SYT11,0.02826565626088009
CYP11B1,0.02782841346694587
SFTPA2,0.027529707820118057
GOLGA8A,0.027503602734543865
ATP11A,0.027202913572350995
ENPP2,0.027105412669903118
LRRK2,0.02694128712117985
SLC12A7,0.026213798855835743
MFGE8,0.02616929013458398
VGF,0.026081775781021437
SERF2,0.026027060238486843
ACSL3,0.02585585095100349
ITGB6,0.025793609454910448
THY1,0.0257456832094106
HDLBP,0.025663890278960624
COL6A3,0.025323695719697375
GPM6B,0.025170428898899318
LOC286002,0.024975240188763348
PGAP3,0.024503912441151722
LUM,0.02431649970761532
ATP5B,0.024214370081297256
HSPB8,0.024178877625340135
PDIA3,0.024092409607997314
IDO1,0.02407540548580277
SEC61G,0.023131291987417583
CES1,0.022951275161708376
ISG15,0.02266568606619616
IFITM2,0.02244282565330598
NAT8,0.022401155229893974
BCAT1,0.022381149363077227
LBP,0.022379557751814588
ITGB8,0.02225127342393342
DKK3,0.022021264615286567
SELENBP1,0.02093549411905531
IFI27,0.0196284080949833
SLPI,0.019492690560016582
RPL30,0.019188534698317616
KRT14,0.019099072625430705
FBP1,0.018773150237051815
LMAN2,0.01852624940392527
SCG5,0.018238285206255388
CGA,0.018223122474709058
FOSB,0.01791455702140056
PSMB3,0.017312588611888363
ZFAND5,0.01703526549650869
YWHAH,0.016558332384107803
HEG1,0.015928128668402097
GNAS,0.015872849060356953
KRT6A,0.015583428242124603
EIF4B,0.015300824437250189
HLA-DQB1,0.015104143430093118
MXRA7,0.014412622200349038
CA2,0.014009898594971279
PAH,0.013906008550453926
LAMA4,0.013129433386795914
S100A7A,0.012021493622196457
TTR,0.011613816457994936
HYOU1,0.011528492208269719
FAT1,0.011207813605037597
KCNJ16,0.010597027856652404
LRIG1,0.010363174365869025
BCAM,0.009927958727674945
SPRR2D,0.009907442746286086
CAPN1,0.009868416883810986
EHF,0.009774308473940216
CD74,0.00977213170342096
PDCD4,0.009581035174265059
APOD,0.009524261033700278
ECEL1,0.009336664204396583
HINT1,0.008876249856280587
HAS3,0.00852252628586004
SUSD2,0.00840598204879644
SCARB2,0.007994771410078703
PVRL2,0.007666487131556878
SPINK5,0.007645557072258978
STARD10,0.007316572129371475
RPL29,0.006290678324648109
SRP14,0.0062360834671975965
NFKBIA,0.005885634035888089
EEF2,0.0050875327285681005
RAB1B,0.005055909365484911
HP,0.00482931000055771
MYL12A,0.004815309410626891
CHI3L1,0.004239508096871704
CAPN6,0.0031828437544330628
RPS20,0.003075016712001318
SYNM,0.002851009462930275
SERINC2,0.0025412683056037434
CD44,0.0023276279510782015
RTN1,0.0023101253850146258
ACAN,0.0017990380680623637
MORF4L2,0.0014719974139118385
SPTBN1,0.0009862358561880005
STAR,0.0009257699692837691
PI15,0.0008465975839372344
LRRC8A,0.0007697838967671325
DPYSL3,0.0006881055766701463
SFTPA1,0.00015368397198170638
UPK2,9.036440394871813e-05
ALDOA,4.4275661520384077e-05
HSD17B4,1.0674143774746738e-05
