BLCA,BRCA,CESC,COAD,ESCA,HNSC,KIRC,KIRP,LGG,LIHC,LUAD,LUSC,OV,PAAD,PCPG,PRAD,SARC,STAD,THCA,UCEC
78,0,2,0,0,1,0,0,0,0,0,1,0,0,0,0,0,0,0,0
2,196,0,0,0,0,0,0,0,0,0,0,0,0,0,0,2,0,0,0
0,0,57,0,0,1,0,0,0,0,0,1,0,0,0,0,0,0,0,2
0,0,0,89,0,0,0,0,0,0,0,0,0,0,0,0,0,1,0,0
0,0,0,0,33,0,0,0,0,0,0,0,0,0,0,0,0,4,0,0
0,0,3,0,1,97,0,0,0,0,0,1,0,0,0,0,2,0,0,0
0,1,0,0,0,0,104,0,0,0,0,1,0,0,0,0,1,0,0,0
1,0,0,0,0,0,5,52,0,0,0,0,0,0,0,0,0,0,0,0
0,0,0,0,0,0,0,0,102,0,0,0,0,1,0,0,0,0,0,0
0,0,0,0,0,0,0,0,0,72,0,0,0,1,0,0,1,0,0,0
0,0,0,0,0,0,0,0,0,0,102,1,0,0,0,0,0,0,0,0
0,0,2,0,0,2,0,0,0,0,12,84,0,0,0,0,0,0,0,0
0,0,0,0,0,0,0,0,0,0,1,0,60,0,0,0,0,0,0,0
0,0,0,0,0,0,0,0,0,0,1,0,0,34,0,0,0,0,0,0
0,0,0,0,0,0,0,0,0,0,0,0,0,0,36,0,0,0,0,0
0,0,0,0,0,0,0,0,0,0,0,0,0,0,0,99,0,0,0,0
0,0,0,0,0,0,0,0,0,0,0,0,0,0,0,0,52,0,0,0
0,0,0,1,9,0,0,0,0,0,1,1,0,0,0,0,0,71,0,0
0,0,0,0,0,0,0,0,0,0,0,0,0,0,0,0,0,0,101,0
0,0,1,0,0,0,0,0,0,0,0,0,1,0,0,0,0,0,0,104
